<?xml version="1.0" encoding="UTF-8"?>
<project-private xmlns="http://www.netbeans.org/ns/project-private/1">
    <editor-bookmarks xmlns="http://www.netbeans.org/ns/editor-bookmarks/2" lastBookmarkId="0"/>
    <open-files xmlns="http://www.netbeans.org/ns/projectui-open-files/2">
        <group>
            <file>file:/C:/Users/ps/Documents/NetBeansProjects/Facebook/src/facebook/OtherMainFrame.java</file>
            <file>file:/C:/Users/ps/Documents/NetBeansProjects/Facebook/src/facebook/LoginFrame.java</file>
            <file>file:/C:/Users/ps/Documents/NetBeansProjects/Facebook/src/facebook/CommentFrame.java</file>
            <file>file:/C:/Users/ps/Documents/NetBeansProjects/Facebook/src/facebook/DB.java</file>
            <file>file:/C:/Users/ps/Documents/NetBeansProjects/Facebook/src/facebook/MenuMain.java</file>
        </group>
    </open-files>
</project-private>
